,school,sex,age,address,famsize,Pstatus,Medu,Fedu,Mjob,Fjob,reason,guardian,traveltime,studytime,failures,schoolsup,famsup,paid,activities,nursery,higher,internet,romantic,famrel,freetime,goout,Dalc,Walc,health,absences,G1,G2,G3,final_grade
0,0,0,18,1,0,0,4,4,0,4,0,1,2,2,0,1,0,0,0,1,1,0,0,4,3,4,1,1,3,6,5,6,6,F
1,0,0,17,1,0,1,1,1,0,2,0,0,1,2,0,0,1,0,0,0,1,1,0,5,3,3,1,1,3,4,5,5,6,F
2,0,0,15,1,1,1,1,1,0,2,2,1,1,2,3,1,0,1,0,1,1,1,0,4,3,2,2,3,3,10,7,8,10,E
3,0,0,15,1,0,1,4,2,1,3,1,1,1,3,0,0,1,1,1,1,1,1,1,3,2,2,1,1,5,2,15,14,15,B
4,0,0,16,1,0,1,3,3,2,2,1,0,1,2,0,0,1,1,0,1,1,0,0,4,3,2,1,2,5,4,6,10,10,E
5,0,1,16,1,1,1,4,3,3,2,3,1,1,2,0,0,1,1,1,1,1,1,0,5,4,2,1,2,5,10,15,15,15,B
6,0,1,16,1,1,1,2,2,2,2,1,1,1,2,0,0,0,0,0,1,1,1,0,4,4,4,1,1,3,0,12,12,11,D
7,0,0,17,1,0,0,4,4,2,4,1,1,2,2,0,1,1,0,0,1,1,0,0,4,1,4,1,1,1,6,6,5,6,F
8,0,1,15,1,1,0,3,2,3,2,1,1,1,2,0,0,1,1,0,1,1,1,0,4,2,2,1,1,1,0,16,18,19,A
9,0,1,15,1,0,1,3,4,2,2,1,1,1,2,0,0,1,1,1,1,1,1,0,5,5,1,1,1,5,0,14,15,15,B
10,0,0,15,1,0,1,4,4,4,1,3,1,1,2,0,0,1,1,0,1,1,1,0,3,3,3,1,2,2,0,10,8,9,F
11,0,0,15,1,0,1,2,1,3,2,3,0,3,3,0,0,1,0,1,1,1,1,0,5,2,2,1,1,4,4,10,12,12,C
12,0,1,15,1,1,1,4,4,1,3,0,0,1,1,0,0,1,1,1,1,1,1,0,4,3,3,1,3,5,2,14,14,14,B
13,0,1,15,1,0,1,4,3,4,2,0,1,2,2,0,0,1,1,0,1,1,1,0,5,4,3,1,2,3,2,10,10,11,D
14,0,1,15,1,0,0,2,2,2,2,1,2,1,3,0,0,1,0,0,1,1,1,1,4,5,2,1,1,3,0,14,16,16,B
15,0,0,16,1,0,1,4,4,1,2,1,1,1,1,0,0,1,0,0,1,1,1,0,4,4,4,1,2,2,4,14,14,14,B
16,0,0,16,1,0,1,4,4,3,3,3,1,1,3,0,0,1,1,1,1,1,1,0,3,2,3,1,2,2,6,13,14,14,B
17,0,0,16,1,0,1,3,3,2,2,3,1,3,2,0,1,1,0,1,1,1,0,0,5,3,2,1,1,4,4,8,10,10,E
18,0,1,17,1,0,1,3,2,3,3,0,1,1,1,3,0,1,0,1,1,1,1,0,5,5,5,2,4,5,16,6,5,5,F
19,0,1,16,1,1,1,4,3,1,2,1,0,1,1,0,0,0,1,1,1,1,1,0,3,1,3,1,3,5,4,8,10,10,E
20,0,1,15,1,0,1,4,3,4,2,3,1,1,2,0,0,0,0,0,1,1,1,0,4,4,1,1,1,1,0,13,14,15,B
21,0,1,15,1,0,1,4,4,1,1,2,0,1,1,0,0,1,1,0,1,1,1,0,5,4,2,1,1,5,0,12,15,15,B
22,0,1,16,1,1,1,4,2,4,2,0,1,1,2,0,0,0,0,1,1,1,1,0,4,5,1,1,3,5,2,15,15,16,B
23,0,1,16,1,1,1,2,2,2,2,3,1,2,2,0,0,1,0,1,1,1,1,0,5,4,4,2,4,5,0,13,13,12,C
24,0,0,15,0,0,1,2,4,3,1,0,1,1,3,0,1,1,1,1,1,1,1,0,4,3,2,1,1,5,2,10,9,8,F
25,0,0,16,1,0,1,2,2,3,3,1,1,1,1,2,0,1,1,0,0,1,1,0,1,2,2,1,3,5,14,6,9,8,F
26,0,1,15,1,0,1,2,2,2,2,1,1,1,1,0,0,1,1,0,1,1,1,0,4,2,2,1,2,5,2,12,12,11,D
27,0,1,15,1,0,1,4,2,1,3,2,1,1,1,0,0,0,1,0,1,1,1,0,2,2,4,2,4,1,4,15,16,15,B
28,0,1,16,1,1,0,3,4,3,2,1,1,1,2,0,1,1,0,1,1,1,1,0,5,3,3,1,1,5,4,11,11,11,D
29,0,1,16,1,0,1,4,4,4,4,1,1,1,2,0,0,1,1,1,1,1,1,1,4,4,5,5,5,5,16,10,12,11,D
30,0,1,15,1,0,1,4,4,1,3,1,1,1,2,0,0,1,1,0,0,1,1,0,5,4,2,3,4,5,0,9,11,12,C
31,0,1,15,1,0,1,4,4,3,3,3,1,2,2,0,0,1,0,1,1,1,1,0,4,3,1,1,1,5,0,17,16,17,A
32,0,1,15,0,0,1,4,3,4,0,0,1,1,2,0,0,1,0,1,1,1,1,1,4,5,2,1,1,5,0,17,16,16,B
33,0,1,15,1,1,1,3,3,2,2,0,1,1,2,0,0,0,0,1,0,1,1,0,5,3,2,1,1,2,0,8,10,12,C
34,0,1,16,1,0,1,3,2,2,2,1,1,1,1,0,0,1,1,0,0,1,1,0,5,4,3,1,1,5,0,12,14,15,B
35,0,0,15,1,0,1,2,3,2,2,2,0,2,1,0,0,1,0,1,1,1,0,0,3,5,1,1,1,5,0,8,7,6,F
36,0,1,15,1,1,1,4,3,4,3,1,1,1,3,0,0,1,0,1,1,1,1,0,5,4,3,1,1,4,2,15,16,18,A
37,0,1,16,0,0,0,4,4,2,4,3,1,2,3,0,0,1,0,1,1,1,1,1,2,4,3,1,1,5,7,15,16,15,B
38,0,0,15,0,0,1,3,4,3,1,0,1,1,3,0,1,1,1,1,1,1,1,0,4,3,2,1,1,5,2,12,12,11,D
39,0,0,15,0,0,1,2,2,0,2,3,1,1,1,0,1,1,1,1,1,1,0,0,4,3,1,1,1,2,8,14,13,13,C
40,0,0,16,1,1,1,2,2,2,2,1,1,2,2,1,0,1,0,1,0,1,1,1,3,3,3,1,2,3,25,7,10,11,D
41,0,1,15,1,1,1,4,4,4,2,1,2,1,1,0,0,1,0,0,0,1,1,1,5,4,3,2,4,5,8,12,12,12,C
42,0,1,15,1,0,1,4,4,3,4,0,0,1,2,0,0,1,0,1,1,1,1,0,4,3,3,1,1,5,2,19,18,18,A
43,0,1,15,1,0,1,2,2,3,3,0,0,1,1,0,1,1,0,0,1,1,1,0,5,4,1,1,1,1,0,8,8,11,D
44,0,0,16,1,1,1,2,2,2,0,0,0,2,2,1,1,0,0,1,1,1,1,0,4,3,3,2,2,5,14,10,10,9,F
45,0,0,15,1,1,0,4,3,2,2,0,1,1,2,0,1,1,1,1,1,1,1,1,5,2,2,1,1,5,8,8,8,6,F
46,0,0,16,1,1,0,3,3,2,3,1,1,1,2,0,0,1,0,0,1,1,1,0,2,3,5,1,4,3,12,11,12,11,D
47,0,1,16,1,0,1,4,3,1,3,3,1,1,4,0,0,0,0,1,1,1,1,0,4,2,2,1,1,2,4,19,19,20,A
48,0,1,15,1,0,1,4,2,4,2,1,1,1,2,0,0,1,1,0,1,1,0,0,4,3,3,2,2,5,2,15,15,14,B
49,0,0,15,1,0,1,4,4,3,4,2,0,1,2,1,1,1,0,1,0,1,1,0,4,4,4,1,1,3,2,7,7,7,F
50,0,0,16,1,1,1,2,2,3,3,0,1,3,2,0,0,1,1,0,1,1,1,0,4,3,3,2,3,4,2,12,13,13,C
51,0,0,15,1,1,1,4,2,1,2,2,1,1,2,0,0,1,1,0,1,1,1,0,4,3,3,1,1,5,2,11,13,13,C
52,0,1,15,1,1,0,4,2,1,1,2,0,2,1,1,0,0,0,0,1,1,0,0,5,5,5,3,4,5,6,11,11,10,E
53,0,0,15,1,0,1,4,4,3,3,0,1,1,1,0,1,1,1,0,1,1,1,0,3,3,4,2,3,5,0,8,10,11,D
54,0,0,15,1,1,0,3,3,2,2,2,1,1,1,0,0,0,1,0,1,1,1,0,5,3,4,4,4,1,6,10,13,13,C
55,0,0,16,1,0,0,2,1,2,2,2,1,1,2,0,0,0,1,1,1,1,1,1,5,3,4,1,1,2,8,8,9,10,E
56,0,0,15,1,0,0,4,3,3,3,3,1,1,2,0,0,1,1,1,1,1,1,0,4,3,2,1,1,1,0,14,15,15,B
57,0,1,15,1,0,1,4,4,4,1,3,1,1,2,0,0,1,0,1,1,1,0,0,3,2,2,1,1,5,4,14,15,15,B
58,0,1,15,1,1,1,1,2,2,0,1,0,1,2,0,1,1,0,1,1,1,1,0,4,3,2,1,1,5,2,9,10,9,F
59,0,0,16,1,0,1,4,2,3,2,0,1,1,2,0,0,1,0,0,1,1,1,0,4,2,3,1,1,5,2,15,16,16,B
60,0,0,16,0,0,1,4,4,1,4,2,1,1,2,0,0,1,0,1,1,1,0,0,2,4,4,2,3,4,6,10,11,11,D
61,0,0,16,1,0,1,1,1,3,3,0,0,4,1,0,1,1,0,1,0,1,1,1,5,5,5,5,5,5,6,10,8,11,D
62,0,0,16,1,1,1,1,2,2,3,3,0,1,2,0,1,0,0,1,1,1,1,0,4,4,3,1,1,1,4,8,10,9,F
63,0,0,16,1,0,1,4,3,4,1,1,1,1,3,0,1,1,1,1,1,1,1,0,3,4,4,2,4,4,2,10,9,9,F
64,0,0,15,1,1,1,4,3,3,3,3,0,1,2,0,1,0,0,1,1,1,1,1,4,4,4,2,4,2,0,10,10,10,E
65,0,0,16,1,1,1,4,3,4,3,0,1,3,2,0,0,1,0,1,1,1,1,0,5,4,3,1,2,1,2,16,15,15,B
66,0,1,15,1,0,0,4,4,2,3,3,1,1,4,0,0,1,0,1,0,1,1,1,1,3,3,5,5,3,4,13,13,12,C
67,0,0,16,1,0,1,3,1,3,2,0,1,1,4,0,1,1,1,0,1,1,1,0,4,3,3,1,2,5,4,7,7,6,F
68,0,0,15,0,1,1,2,2,1,3,3,1,2,2,0,1,1,1,0,1,1,1,0,4,1,3,1,3,4,2,8,9,8,F
69,0,0,15,0,1,1,3,1,2,2,3,0,2,4,0,0,1,0,0,0,1,1,0,4,4,2,2,3,3,12,16,16,16,B
70,0,1,16,1,0,1,3,1,2,2,3,0,2,4,0,0,1,1,0,1,1,1,0,4,3,2,1,1,5,0,13,15,15,B
71,0,1,15,1,0,1,4,2,2,2,0,1,1,4,0,0,0,0,0,1,1,1,0,3,3,3,1,1,3,0,10,10,10,E
72,0,0,15,0,0,1,1,1,2,2,3,1,1,2,2,1,1,0,0,0,1,1,1,3,3,4,2,4,5,2,8,6,5,F
73,0,1,16,1,0,1,3,1,2,2,3,1,1,1,0,0,0,0,1,1,1,0,0,5,3,2,2,2,5,2,12,12,14,B
74,0,0,16,1,0,1,3,3,2,3,1,1,1,2,0,1,1,1,1,1,1,1,0,4,3,3,2,4,5,54,11,12,11,D
75,0,1,15,1,0,1,4,3,4,2,1,1,1,2,0,0,1,1,1,1,1,1,0,4,3,3,2,3,5,6,9,9,10,E
76,0,1,15,1,0,1,4,0,4,2,0,1,2,4,0,0,0,0,1,1,1,1,0,3,4,3,1,1,1,8,11,11,10,E
77,0,0,16,1,0,1,2,2,2,2,3,1,1,4,0,0,0,1,0,1,1,1,1,5,2,3,1,3,3,0,11,11,11,D
78,0,1,17,1,0,1,2,1,2,2,1,1,2,1,3,1,1,0,1,1,0,1,0,4,5,1,1,1,3,2,8,8,10,E
79,0,0,16,1,0,1,3,4,0,2,0,1,1,2,0,0,1,0,0,1,1,1,0,2,4,3,1,2,3,12,5,5,5,F
80,0,1,15,1,0,1,2,3,2,3,0,0,1,1,0,1,1,1,1,0,1,1,1,3,2,2,1,3,3,2,10,12,12,C
81,0,1,15,1,0,1,2,3,2,2,1,1,1,3,0,1,0,1,0,0,1,1,0,5,3,2,1,2,5,4,11,10,11,D
82,0,0,15,1,1,1,3,2,3,2,3,1,1,2,0,0,1,1,0,1,1,1,0,4,4,4,1,1,5,10,7,6,6,F
83,0,1,15,1,1,1,2,2,3,3,1,1,2,2,0,0,0,1,1,1,1,1,0,5,3,3,1,3,4,4,15,15,15,B
84,0,0,15,1,0,1,1,1,2,2,1,0,1,2,0,0,1,0,1,0,1,1,0,4,3,2,2,3,4,2,9,10,10,E
85,0,0,15,1,0,1,4,4,3,3,3,0,2,2,2,0,0,1,0,1,1,1,1,4,4,4,2,3,5,6,7,9,8,F
86,0,0,16,1,1,1,2,2,0,2,0,1,1,2,0,0,1,0,0,1,1,0,0,4,3,4,1,2,2,4,8,7,6,F
87,0,0,15,1,0,1,4,2,2,2,3,1,1,3,0,0,1,0,1,1,1,1,0,5,3,3,1,3,1,4,13,14,14,B
88,0,1,16,1,0,1,2,2,3,2,3,0,2,2,1,0,0,1,1,0,1,1,0,4,4,2,1,1,3,12,11,10,10,E
89,0,1,16,1,1,0,4,4,4,1,3,1,1,2,0,0,1,0,0,1,1,0,0,4,1,3,3,5,5,18,8,6,7,F
90,0,0,16,1,0,1,3,3,2,2,1,1,1,3,0,0,1,1,0,1,1,1,1,4,3,3,1,3,4,0,7,7,8,F
91,0,0,15,1,0,1,4,3,3,2,3,1,1,1,0,0,0,1,1,1,1,1,0,4,5,5,1,3,1,4,16,17,18,A
92,0,0,16,1,1,1,3,1,2,2,1,0,1,2,0,1,1,0,0,1,1,0,0,3,3,3,2,3,2,4,7,6,6,F
93,0,0,16,1,0,1,4,2,4,3,1,1,2,2,0,0,1,1,1,1,1,1,0,5,3,3,1,1,1,0,11,10,10,E
94,0,1,15,1,1,1,2,2,3,1,3,1,1,4,0,0,1,0,1,1,1,1,0,4,3,4,1,1,4,6,11,13,14,B
95,0,0,15,0,0,1,1,1,0,2,1,1,2,4,1,1,1,1,1,1,1,1,0,3,1,2,1,1,1,2,7,10,10,E
96,0,1,16,0,0,1,4,3,3,2,3,1,2,1,0,1,1,0,1,0,1,1,0,3,3,3,1,1,4,2,11,15,15,B
97,0,0,16,1,0,1,2,1,2,2,0,1,1,2,0,0,1,1,0,1,1,0,1,4,3,5,1,1,5,2,8,9,10,E
98,0,0,16,1,0,1,4,4,2,2,3,1,1,1,0,0,0,0,1,0,1,1,0,5,3,4,1,2,1,6,11,14,14,B
99,0,0,16,1,0,1,4,3,2,0,0,1,1,3,0,1,1,1,0,1,1,1,0,5,3,5,1,1,3,0,7,9,8,F
100,0,1,16,1,0,1,4,4,3,3,2,1,1,1,0,1,1,1,1,1,1,1,0,4,5,5,5,5,4,14,7,7,5,F
101,0,1,16,1,0,1,4,4,3,4,2,0,1,3,0,0,1,0,1,1,1,1,1,4,4,3,1,1,4,0,16,17,17,A
102,0,1,15,1,0,1,4,4,3,2,0,1,1,1,0,0,1,0,1,0,1,1,0,5,3,3,1,1,5,4,10,13,14,B
103,0,0,15,1,0,1,3,2,3,2,1,1,2,2,0,1,1,1,0,1,1,1,0,4,3,5,1,1,2,26,7,6,6,F
104,0,1,15,1,0,0,3,4,3,2,0,1,1,2,0,0,1,1,1,1,1,1,0,5,4,4,1,1,1,0,16,18,18,A
105,0,0,15,1,0,0,3,3,2,1,3,0,1,4,0,1,0,0,0,1,1,0,0,4,3,3,1,1,4,10,10,11,11,D
106,0,0,15,1,0,1,2,2,2,2,0,1,1,4,0,1,1,1,0,1,1,1,0,5,1,2,1,1,3,8,7,8,8,F
107,0,1,16,1,0,1,3,3,3,2,1,0,1,3,0,0,1,0,1,1,1,1,0,5,3,3,1,1,5,2,16,18,18,A
108,0,1,15,0,0,1,4,4,2,2,1,0,4,4,0,0,1,1,1,1,1,1,1,1,3,5,3,5,1,6,10,13,13,C
109,0,0,16,1,1,1,4,4,1,1,2,1,1,3,0,0,1,1,1,1,1,1,1,5,4,5,1,1,4,4,14,15,16,B
110,0,1,15,1,1,0,4,4,4,4,0,1,1,1,0,0,0,0,1,1,1,1,0,5,5,3,1,1,4,6,18,19,19,A
111,0,0,16,0,0,1,3,3,3,2,3,0,1,3,1,1,1,0,1,1,1,1,0,4,1,2,1,1,2,0,7,10,10,E
112,0,0,16,1,0,1,2,2,0,2,1,1,1,2,1,1,0,0,1,1,1,1,0,3,1,2,1,1,5,6,10,13,13,C
113,0,1,15,1,1,1,4,2,4,2,0,1,1,1,0,0,0,0,0,1,1,1,0,3,5,2,1,1,3,10,18,19,19,A
114,0,1,15,0,0,1,2,1,1,3,3,1,1,2,0,0,0,0,1,1,1,1,1,5,4,2,1,1,5,8,9,9,9,F
115,0,1,16,1,0,1,4,4,4,4,0,0,1,2,0,0,1,0,1,1,1,1,0,5,4,4,1,2,5,2,15,15,16,B
116,0,1,15,1,0,1,4,4,2,4,3,0,2,2,0,0,1,0,1,1,1,0,0,4,4,3,1,1,2,2,11,13,14,B
117,0,1,16,1,0,1,3,3,2,3,1,0,2,1,0,0,0,0,1,1,1,1,0,5,4,2,1,1,5,0,13,14,13,C
118,0,1,17,0,0,1,1,3,2,2,0,0,3,2,1,0,1,0,1,1,1,1,0,5,2,4,1,4,5,20,9,7,8,F
119,0,1,15,1,0,1,3,4,2,2,3,0,1,1,0,0,0,0,0,1,1,1,0,3,4,3,1,2,4,6,14,13,13,C
120,0,0,15,1,0,1,1,2,0,3,0,1,1,2,0,0,0,0,0,0,1,1,0,3,2,3,1,2,1,2,16,15,15,B
121,0,1,15,1,0,1,2,2,3,3,1,0,1,4,0,0,1,1,1,1,1,1,0,5,5,4,1,2,5,6,16,14,15,B
122,0,0,16,1,1,1,2,4,2,1,0,0,2,2,0,0,1,1,1,1,1,1,1,4,2,2,1,2,5,2,13,13,13,C
123,0,1,16,1,0,1,4,4,1,2,0,1,1,1,0,0,1,0,1,1,1,1,0,3,4,4,1,4,5,18,14,11,13,C
124,0,0,16,1,0,1,2,2,2,2,1,1,1,2,0,0,0,1,0,1,1,1,1,5,4,4,1,1,5,0,8,7,8,F
125,0,1,15,1,0,1,3,4,3,3,1,0,1,1,0,1,0,0,0,1,1,1,0,5,5,5,3,2,5,0,13,13,12,C
126,0,0,15,1,1,0,3,4,2,2,1,1,1,2,0,1,0,0,1,1,1,1,1,5,3,2,1,1,1,0,7,10,11,D
127,0,0,19,1,0,1,0,1,0,2,0,2,1,2,3,0,1,0,0,0,0,0,0,3,4,2,1,1,5,2,7,8,9,F
128,0,1,18,0,0,1,2,2,3,2,3,1,1,1,2,0,1,0,1,1,1,1,0,3,3,3,1,2,4,0,7,4,0,F
129,0,1,16,0,0,1,4,4,4,4,0,1,1,1,0,0,0,1,1,1,1,1,0,3,5,5,2,5,4,8,18,18,18,A
130,0,0,15,0,0,1,3,4,3,4,0,0,2,3,2,0,1,0,0,1,1,1,1,4,2,2,2,2,5,0,12,0,0,F
131,0,0,15,1,0,1,1,1,0,2,0,1,3,1,0,0,1,0,1,0,1,1,1,4,3,3,1,2,4,0,8,0,0,F
132,0,0,17,1,1,1,2,2,2,2,0,0,1,1,0,0,1,0,0,1,1,1,1,3,4,4,1,3,5,12,10,13,12,C
133,0,0,16,1,0,0,3,4,3,2,0,0,1,1,0,0,0,0,0,1,1,1,0,3,2,1,1,4,5,16,12,11,11,D
134,0,1,15,0,0,1,3,4,0,4,0,1,4,2,0,0,1,0,0,1,1,0,1,5,3,3,1,1,5,0,9,0,0,F
135,0,0,15,1,0,1,4,4,3,0,0,1,1,3,0,0,1,0,1,1,1,1,1,4,3,3,1,1,5,0,11,0,0,F
136,0,1,17,0,0,1,3,4,0,2,0,1,3,2,0,0,0,0,0,1,1,0,0,5,4,5,2,4,5,0,10,0,0,F
137,0,0,16,1,0,0,3,3,2,2,0,2,2,1,2,0,1,0,1,0,1,1,1,4,3,2,1,1,5,0,4,0,0,F
138,0,1,16,1,1,1,1,1,3,2,0,1,1,2,1,0,0,0,0,1,1,0,1,4,4,4,1,3,5,0,14,12,12,C
139,0,0,15,1,0,1,4,4,4,4,0,1,2,1,0,0,0,0,1,1,1,1,0,4,3,2,1,1,5,0,16,16,15,B
140,0,1,15,1,0,1,4,3,4,3,0,0,2,4,0,1,1,0,0,1,1,1,0,2,2,2,1,1,3,0,7,9,0,F
141,0,1,16,1,1,1,2,2,3,3,3,0,2,1,2,0,1,0,1,1,1,1,0,2,3,3,2,2,2,8,9,9,9,F
142,0,0,15,1,0,1,4,4,4,3,0,1,1,3,0,0,1,1,1,1,1,1,0,4,2,2,1,1,5,2,9,11,11,D
143,0,0,16,1,1,1,1,1,0,0,0,1,1,1,0,0,0,0,0,1,1,1,0,3,4,4,3,3,1,2,14,14,13,C
144,0,1,17,1,0,1,2,1,2,2,1,1,1,1,3,0,1,0,0,1,1,1,0,5,4,5,1,2,5,0,5,0,0,F
145,0,0,15,1,0,1,1,1,2,3,0,0,1,2,0,0,1,1,0,1,1,1,0,4,4,2,1,2,5,0,8,11,11,D
146,0,0,15,1,0,1,3,2,1,3,1,0,1,2,3,0,1,0,0,1,1,1,0,3,3,2,1,1,3,0,6,7,0,F
147,0,0,15,1,0,1,1,2,0,2,0,1,1,2,0,0,1,1,0,0,1,1,0,4,3,2,1,1,5,2,10,11,11,D
148,0,1,16,1,0,1,4,4,4,4,0,1,1,1,0,0,1,0,0,1,0,1,1,3,3,2,2,1,5,0,7,6,0,F
149,0,1,15,1,1,0,2,1,3,2,0,1,4,1,3,0,0,0,0,1,1,1,0,4,5,5,2,5,5,0,8,9,10,E
150,0,1,18,1,1,1,1,1,2,2,0,1,1,1,3,0,0,0,0,1,0,1,1,2,3,5,2,5,4,0,6,5,0,F
151,0,1,16,1,1,1,2,1,0,2,0,1,1,1,1,0,0,0,1,1,1,0,1,4,4,4,3,5,5,6,12,13,14,B
152,0,0,15,0,0,1,3,3,3,3,3,2,2,3,2,0,1,1,1,1,1,1,1,4,2,1,2,3,3,8,10,10,10,E
153,0,1,19,1,0,1,3,2,3,0,1,1,1,1,3,0,1,0,0,1,0,1,1,4,5,4,1,1,4,0,5,0,0,F
154,0,0,17,1,0,1,4,4,2,4,0,1,1,1,0,1,1,0,0,1,1,0,1,4,2,1,1,1,4,0,11,11,12,C
155,0,1,15,0,0,1,2,3,0,3,0,1,1,2,0,1,0,1,1,1,1,0,0,4,4,4,1,1,1,2,11,8,8,F
156,0,1,17,0,1,1,1,2,2,2,3,1,1,1,0,0,0,0,0,1,1,0,0,2,2,2,3,3,5,8,16,12,13,C
157,0,0,18,0,0,1,1,1,0,2,0,1,3,1,3,0,1,0,1,0,1,0,0,5,2,5,1,5,4,6,9,8,10,E
158,0,1,16,0,0,1,2,2,0,2,0,1,3,1,0,0,0,0,0,0,1,0,0,4,2,2,1,2,3,2,17,15,15,B
159,0,1,16,1,0,1,3,3,2,3,0,0,1,2,1,0,1,1,0,1,1,1,1,4,5,5,4,4,5,4,10,12,12,C
160,0,1,17,0,1,1,2,1,0,2,0,1,2,1,2,0,0,0,1,1,0,1,1,3,3,2,2,2,5,0,7,6,0,F
161,0,1,15,0,0,1,3,2,2,2,0,1,2,2,2,1,1,0,0,1,1,1,1,4,4,4,1,4,3,6,5,9,7,F
162,0,1,16,1,1,1,1,2,2,2,0,1,2,1,1,0,0,0,1,1,1,0,0,4,4,4,2,4,5,0,7,0,0,F
163,0,1,17,1,0,1,1,3,0,3,0,0,1,1,0,0,0,0,0,1,0,1,0,5,3,3,1,4,2,2,10,10,10,E
164,0,1,17,0,1,1,1,1,2,3,0,1,4,2,3,0,0,0,1,1,0,0,1,5,3,5,1,5,5,0,5,8,7,F
165,0,1,16,1,0,1,3,2,3,3,0,1,2,1,1,0,1,0,1,0,0,0,0,4,5,2,1,1,2,16,12,11,12,C
166,0,1,16,1,0,1,2,2,2,2,0,0,1,2,0,0,0,0,0,1,0,1,0,4,3,5,2,4,4,4,10,10,10,E
167,0,0,16,1,0,1,4,2,1,3,1,0,1,2,0,0,0,1,0,1,1,1,1,4,2,3,1,1,3,0,14,15,16,B
168,0,0,16,1,0,1,2,2,2,2,1,1,1,2,0,0,1,1,0,0,1,1,0,5,1,5,1,1,4,0,6,7,0,F
169,0,0,16,1,0,1,4,4,1,1,3,1,1,2,0,0,1,1,0,1,1,1,1,4,4,2,1,1,3,0,14,14,14,B
170,0,1,16,1,0,1,3,4,2,2,0,0,3,1,2,0,1,0,1,0,1,1,0,3,4,5,2,4,2,0,6,5,0,F
171,0,1,16,1,0,1,1,0,2,2,3,1,2,2,0,0,1,1,1,1,1,1,1,4,3,2,1,1,3,2,13,15,16,B
172,0,1,17,1,1,1,4,4,4,2,3,1,1,2,0,0,1,1,1,1,1,1,0,4,4,4,1,3,5,0,13,11,10,E
173,0,0,16,1,0,1,1,3,0,3,1,1,1,2,3,0,0,0,1,0,1,1,1,4,3,5,1,1,3,0,8,7,0,F
174,0,0,16,1,1,1,3,3,2,2,3,1,2,2,0,0,1,1,1,1,1,1,0,4,4,5,1,1,4,4,10,11,9,F
175,0,1,17,1,1,1,4,3,4,2,0,1,2,2,0,0,0,1,1,1,1,1,0,4,4,4,4,4,4,4,10,9,9,F
176,0,0,16,1,0,1,2,2,3,2,3,1,2,2,0,0,0,1,1,0,1,1,0,3,4,4,1,4,5,2,13,13,11,D
177,0,1,17,1,0,1,3,3,2,2,3,0,1,2,0,0,0,0,1,0,1,1,0,4,3,4,1,4,4,4,6,5,6,F
178,0,1,16,0,0,1,4,2,4,3,2,1,1,1,0,0,1,0,1,1,1,1,1,4,3,3,3,4,3,10,10,8,9,F
179,0,1,17,1,0,1,4,3,2,2,0,1,1,2,0,0,1,0,1,1,1,1,1,5,2,3,1,1,2,4,10,10,11,D
180,0,1,16,1,0,1,4,3,4,2,1,1,1,2,0,0,1,1,1,1,1,1,0,3,4,3,2,3,3,10,9,8,8,F
181,0,1,16,1,0,1,3,3,3,2,1,1,1,2,0,0,0,1,1,1,1,1,1,4,2,3,1,2,3,2,12,13,12,C
182,0,0,17,1,0,1,2,4,3,3,3,0,1,2,0,0,1,0,1,1,1,0,0,5,4,2,2,3,5,0,16,17,17,A
183,0,0,17,1,1,1,3,3,2,2,3,1,1,2,0,0,1,0,1,1,1,1,1,5,3,3,2,3,1,56,9,9,8,F
184,0,0,16,1,0,1,3,2,2,2,3,1,1,2,0,0,1,1,0,1,1,1,0,1,2,2,1,2,1,14,12,13,12,C
185,0,1,17,1,0,1,3,3,3,3,2,1,1,2,0,0,1,0,1,1,1,1,1,4,3,4,2,3,4,12,12,12,11,D
186,0,1,16,1,0,1,1,2,3,3,2,1,1,1,0,0,1,1,1,1,1,1,1,3,3,3,1,2,3,2,11,12,11,D
187,0,1,16,1,1,1,2,1,2,2,0,1,1,2,0,0,0,1,1,1,1,1,1,4,2,3,1,2,5,0,15,15,15,B
188,0,0,17,1,0,0,3,3,1,2,3,1,1,2,0,0,1,0,0,0,1,1,1,3,3,3,1,3,3,6,8,7,9,F
189,0,1,17,0,0,1,1,2,0,2,1,1,1,2,0,0,0,0,0,1,1,0,0,3,1,3,1,5,3,4,8,9,10,E
190,0,0,16,1,0,1,2,3,3,3,0,1,1,2,0,0,0,0,0,1,1,1,0,4,3,3,1,1,2,10,11,12,13,C
191,0,0,17,1,0,1,1,1,0,3,0,1,1,2,0,0,0,0,1,1,1,1,0,5,3,3,1,1,3,0,8,8,9,F
192,0,1,17,1,0,1,1,2,0,3,2,2,2,2,0,0,0,1,1,0,1,1,0,4,4,4,4,5,5,12,7,8,8,F
193,0,1,16,0,0,1,3,3,3,3,3,1,1,1,0,0,1,0,1,1,1,1,0,4,3,2,3,4,5,8,8,9,10,E
194,0,1,16,1,0,1,2,3,2,2,1,0,2,1,0,0,0,0,0,1,1,1,0,5,3,3,1,1,3,0,13,14,14,B
195,0,0,17,1,1,1,2,4,3,3,0,0,1,2,0,0,0,0,1,1,1,1,1,4,3,2,1,1,5,0,14,15,15,B
196,0,1,17,1,0,1,4,4,3,4,1,1,1,1,0,0,0,0,0,1,1,1,0,5,2,3,1,2,5,4,17,15,16,B
197,0,1,16,0,1,1,3,3,4,2,1,0,3,1,0,0,1,1,1,1,1,1,0,3,3,4,3,5,3,8,9,9,10,E
198,0,0,17,1,0,1,4,4,3,4,1,1,2,1,1,0,1,0,0,1,1,1,0,4,2,4,2,3,2,24,18,18,18,A
199,0,0,16,1,1,1,4,4,4,4,3,1,1,2,0,0,1,1,0,1,1,1,0,4,5,2,1,2,3,0,9,9,10,E
200,0,0,16,1,0,1,4,3,1,2,1,1,1,2,0,0,1,0,1,1,1,1,0,4,3,5,1,5,2,2,16,16,16,B
201,0,0,16,1,0,1,2,3,2,2,3,1,1,2,0,1,1,1,1,1,1,0,0,4,4,3,1,3,4,6,8,10,10,E
202,0,0,17,1,0,1,1,1,2,2,0,1,1,2,0,0,1,1,0,0,1,0,0,4,4,4,1,3,1,4,9,9,10,E
203,0,0,17,0,0,1,2,2,2,2,3,1,1,1,0,0,1,0,0,1,1,1,0,5,3,2,1,2,3,18,7,6,6,F
204,0,0,16,0,0,1,2,2,3,3,3,1,2,4,0,0,1,1,1,0,1,1,0,5,3,5,1,1,5,6,10,10,11,D
205,0,0,17,1,0,1,3,4,0,3,1,1,1,3,1,0,1,1,0,1,1,1,1,4,4,3,3,4,5,28,10,9,9,F
206,0,0,16,1,0,0,3,1,3,2,0,1,1,2,3,0,1,1,0,1,1,1,0,2,3,3,2,2,4,5,7,7,7,F
207,0,0,16,1,0,1,4,3,4,2,2,1,1,2,0,0,0,1,1,1,1,1,1,1,3,2,1,1,1,10,11,12,13,C
208,0,0,16,1,0,1,1,1,0,2,1,1,2,1,0,0,1,1,0,1,1,0,0,4,3,2,1,4,5,6,9,9,10,E
209,0,0,17,0,0,1,4,3,4,2,3,1,2,3,0,0,1,1,1,1,1,1,1,4,4,2,1,1,4,6,7,7,7,F
210,0,0,19,1,0,1,3,3,2,2,3,2,1,4,0,0,1,1,1,1,1,1,0,4,3,3,1,2,3,10,8,8,8,F
211,0,1,17,1,1,1,4,4,3,2,1,1,1,2,0,0,1,1,0,1,1,1,1,5,3,5,4,5,3,13,12,12,13,C
212,0,0,16,1,0,0,2,2,2,2,3,1,1,2,0,1,1,1,0,1,1,1,0,3,3,4,1,1,4,0,12,13,14,B
213,0,1,18,1,0,1,2,2,3,2,1,1,1,2,1,0,1,1,1,1,1,1,0,4,4,4,2,4,5,15,6,7,8,F
214,0,0,17,0,1,1,4,4,3,2,2,1,1,1,0,0,1,1,0,1,1,0,0,5,2,1,1,2,3,12,8,10,10,E
215,0,0,17,1,1,1,3,2,2,2,3,1,2,2,0,0,0,1,0,1,1,1,0,4,4,4,1,3,1,2,14,15,15,B
216,0,0,17,1,0,1,4,3,2,2,3,1,1,2,2,0,0,1,0,1,1,1,1,3,4,5,2,4,1,22,6,6,4,F
217,0,1,18,1,1,1,3,3,3,1,1,0,1,2,1,0,1,1,0,1,1,1,0,3,2,4,2,4,4,13,6,6,8,F
218,0,0,17,1,0,1,2,3,0,2,1,0,2,1,0,0,1,1,0,1,1,0,0,3,3,3,1,4,3,3,7,7,8,F
219,0,0,17,1,0,1,2,2,0,0,0,1,1,3,0,0,1,1,1,1,1,1,0,4,3,3,1,1,4,4,9,10,10,E
220,0,0,17,0,0,1,2,1,0,3,3,1,2,2,0,0,1,0,1,1,1,1,0,4,2,5,1,2,5,2,6,6,6,F
221,0,0,17,1,0,1,1,1,0,2,3,1,1,3,1,0,1,0,1,1,1,0,1,4,3,4,1,1,5,0,6,5,0,F
222,0,0,16,1,0,1,2,3,3,4,2,1,1,2,0,1,0,0,0,1,1,1,0,2,3,1,1,1,3,2,16,16,17,A
223,0,1,18,1,0,1,2,2,2,2,1,1,2,2,0,0,1,1,0,1,1,1,0,3,3,3,5,5,4,0,12,13,13,C
224,0,0,16,1,0,1,4,4,4,3,1,1,1,3,0,0,1,0,1,0,1,1,0,5,3,2,1,1,5,0,13,13,14,B
225,0,0,18,0,0,1,3,1,2,2,3,1,1,2,1,0,0,0,1,1,1,1,1,5,3,3,1,1,4,16,9,8,7,F
226,0,0,17,1,0,1,3,2,2,2,0,1,1,2,0,0,0,0,1,0,1,1,0,5,3,4,1,3,3,10,16,15,15,B
227,0,1,17,1,1,1,2,3,3,3,3,0,1,2,0,0,1,1,0,0,1,1,0,5,3,3,1,3,3,2,12,11,12,C
228,0,1,18,1,1,1,2,1,0,2,0,1,4,2,0,1,1,1,1,1,1,1,1,4,3,2,4,5,3,14,10,8,9,F
229,0,0,17,1,0,0,2,1,2,2,0,1,2,3,0,0,0,0,1,1,1,1,1,3,2,3,1,2,3,10,12,10,12,C
230,0,0,17,1,1,1,4,3,1,2,3,0,1,2,0,0,0,0,1,1,1,1,1,3,2,3,1,2,3,14,13,13,14,B
231,0,1,17,0,0,1,2,2,2,2,0,0,2,2,0,0,1,1,1,1,1,1,0,4,5,2,1,1,1,4,11,11,11,D
232,0,1,17,1,0,1,4,4,4,4,3,1,1,2,0,1,1,0,1,1,1,1,1,4,5,5,1,3,2,14,11,9,9,F
233,0,1,16,1,0,1,4,4,1,2,3,0,1,2,0,0,1,1,1,1,1,1,0,4,2,4,2,4,1,2,14,13,13,C
234,0,1,16,1,1,1,1,1,2,2,1,1,2,2,0,0,1,1,0,1,1,1,0,3,4,2,1,1,5,18,9,7,6,F
235,0,1,16,1,0,1,3,2,0,2,3,1,2,3,0,0,0,0,1,1,1,1,1,5,3,3,1,3,2,10,11,9,10,E
236,0,1,17,1,1,1,2,2,2,2,1,0,1,2,0,0,0,1,1,0,1,1,1,4,4,2,5,5,4,4,14,13,13,C
237,0,0,16,1,0,1,2,1,2,2,1,1,1,1,0,0,0,0,0,1,1,1,1,4,5,2,1,1,5,20,13,12,12,C
238,0,0,17,0,0,1,2,1,0,3,0,1,3,2,0,0,0,0,1,1,1,0,0,2,1,1,1,1,3,2,13,11,11,D
239,0,1,18,1,0,1,2,2,2,3,3,0,1,2,1,0,0,0,0,1,0,1,0,5,5,4,3,5,2,0,7,7,0,F
240,0,1,17,1,1,1,4,3,1,2,0,1,2,2,0,0,0,0,1,1,1,1,1,2,5,5,1,4,5,14,12,12,12,C
241,0,1,17,0,1,0,4,4,4,2,0,1,2,2,0,0,1,1,0,1,1,1,0,3,3,3,2,3,4,2,10,11,12,C
242,0,1,16,1,1,1,4,3,4,2,0,1,1,1,0,0,0,0,1,0,1,1,0,5,4,5,1,1,3,0,6,0,0,F
243,0,1,16,1,0,1,4,4,3,3,0,1,1,1,0,0,0,0,1,1,1,1,0,5,3,2,1,2,5,0,13,12,12,C
244,0,0,18,1,0,1,2,1,2,2,0,2,2,3,0,0,1,1,0,0,1,1,1,4,4,4,1,1,3,0,7,0,0,F
245,0,1,16,1,0,1,2,1,2,2,0,1,3,1,0,0,0,0,0,1,1,1,0,4,3,3,1,1,4,6,18,18,18,A
246,0,1,17,1,0,1,2,3,2,2,0,0,2,1,0,0,0,0,0,1,1,1,0,5,2,2,1,1,2,4,12,12,13,C
247,0,1,22,1,0,1,3,1,3,3,2,1,1,1,3,0,0,0,0,0,0,1,1,5,4,5,5,5,1,16,6,8,8,F
248,0,1,18,0,1,1,3,3,2,3,0,1,1,2,1,0,1,0,0,1,1,1,1,4,3,3,1,3,5,8,3,5,5,F
249,0,1,16,1,0,1,0,2,2,2,2,1,1,1,0,0,0,1,0,0,1,1,0,4,3,2,2,4,5,0,13,15,15,B
250,0,1,18,1,0,1,3,2,3,2,0,1,2,1,1,0,0,0,0,1,0,1,0,4,4,5,2,4,5,0,6,8,8,F
251,0,1,16,1,0,1,3,3,0,2,3,2,3,2,0,1,1,0,0,0,1,1,0,5,3,3,1,3,2,6,7,10,10,E
252,0,1,18,1,0,1,2,1,3,3,2,1,1,1,1,0,0,0,0,0,0,1,0,3,2,5,2,5,5,4,6,9,8,F
253,0,1,16,0,0,1,2,1,2,2,0,1,2,1,0,0,0,0,1,0,1,0,0,3,3,2,1,3,3,0,8,9,8,F
254,0,1,17,0,0,1,2,1,2,2,0,1,1,1,0,0,0,0,0,0,1,1,0,4,4,2,2,4,5,0,8,12,12,C
255,0,1,17,1,1,1,1,1,1,2,0,1,2,1,1,0,1,0,1,1,1,1,0,4,4,4,1,2,5,2,7,9,8,F
256,0,0,17,1,1,1,4,2,4,3,3,1,1,4,0,0,1,1,1,1,1,1,0,4,2,3,1,1,4,6,14,12,13,C
257,0,1,19,1,1,0,4,3,3,0,3,1,1,2,0,0,1,0,0,1,1,1,0,4,3,1,1,1,1,12,11,11,11,D
258,0,1,18,1,0,1,2,1,2,2,1,1,1,2,0,0,0,0,1,1,1,1,0,5,2,4,1,2,4,8,15,14,14,B
259,0,0,17,1,1,1,2,2,3,3,0,0,1,4,0,0,0,1,1,1,1,1,1,3,4,1,1,1,2,0,10,9,0,F
260,0,0,18,1,0,1,4,3,3,2,1,0,1,2,0,0,1,1,0,1,1,1,1,3,1,2,1,3,2,21,17,18,18,A
261,0,1,18,1,0,1,4,3,4,2,0,1,1,2,0,0,1,1,0,0,1,1,0,4,3,2,1,1,3,2,8,8,8,F
262,0,1,18,0,0,1,3,2,2,2,0,1,1,3,0,0,0,0,1,0,1,0,0,5,3,2,1,1,3,1,13,12,12,C
263,0,0,17,1,0,1,3,3,2,2,1,1,1,3,0,0,0,0,1,0,1,0,0,3,2,3,1,1,4,4,10,9,9,F
264,0,0,18,1,0,1,2,2,0,3,1,1,1,3,0,0,1,1,1,1,1,1,1,4,3,3,1,1,3,0,9,10,0,F
265,0,1,18,0,1,0,3,4,2,2,3,1,2,2,0,0,1,1,1,1,1,1,0,4,2,5,3,4,1,13,17,17,17,A
266,0,1,17,1,0,1,3,1,3,2,2,1,1,2,0,0,0,1,1,1,1,1,1,5,4,4,3,4,5,2,9,9,10,E
267,0,0,18,0,0,1,4,4,4,2,3,1,2,2,0,0,0,1,1,1,1,1,0,4,3,4,2,2,4,8,12,10,11,D
268,0,1,18,1,0,1,4,2,1,2,3,0,1,2,0,0,1,1,1,1,1,1,1,5,4,5,1,3,5,10,10,9,10,E
269,0,0,18,0,0,1,2,1,2,2,3,1,2,2,0,0,1,0,0,1,0,1,1,4,3,5,1,2,3,0,6,0,0,F
270,0,0,19,1,0,1,3,3,2,3,1,2,1,2,2,0,1,1,1,1,1,1,0,4,3,5,3,3,5,15,9,9,9,F
271,0,0,18,1,0,1,2,3,2,3,3,0,1,4,0,0,1,1,1,1,1,1,1,4,5,5,1,3,2,4,15,14,14,B
272,0,0,18,1,1,1,1,1,2,2,1,1,2,2,0,0,1,1,0,0,1,0,0,4,4,3,1,1,3,2,11,11,11,D
273,0,1,17,0,0,1,1,2,0,0,1,1,1,2,0,0,1,1,1,0,1,0,1,3,5,2,2,2,1,2,15,14,14,B
274,0,0,17,1,0,1,2,4,0,1,3,1,2,2,0,0,1,1,0,1,1,1,1,4,3,3,1,1,1,2,10,10,10,E
275,0,0,17,1,1,1,2,2,3,2,0,1,2,2,0,1,1,1,0,1,1,1,1,4,4,4,2,3,5,6,12,12,12,C
276,0,0,18,0,0,0,3,2,2,3,1,1,2,2,0,0,0,0,0,0,0,1,1,4,1,1,1,1,5,75,10,9,9,F
277,0,1,18,1,0,1,4,4,4,3,1,1,2,1,0,0,0,1,1,1,1,1,0,3,2,4,1,4,3,22,9,9,9,F
278,0,0,18,1,0,1,4,4,1,1,3,0,1,2,1,1,1,0,1,1,1,1,1,2,4,4,1,1,4,15,9,8,8,F
279,0,1,18,1,1,1,4,3,4,3,0,1,2,1,0,0,0,1,1,1,1,1,0,4,2,3,1,2,1,8,10,11,10,E
280,0,1,17,1,1,0,4,1,3,2,1,1,2,1,0,0,0,1,1,1,1,1,1,4,5,4,2,4,5,30,8,8,8,F
281,0,1,17,1,1,0,3,2,4,3,1,1,1,1,1,0,0,0,0,1,1,1,0,4,4,4,3,4,3,19,11,9,10,E
282,0,0,18,0,1,1,1,1,0,2,3,1,2,4,0,0,1,1,1,1,1,0,0,5,2,2,1,1,3,1,12,12,12,C
283,0,0,18,1,0,1,1,1,2,2,1,1,2,2,0,1,0,0,1,1,1,1,0,5,4,4,1,1,4,4,8,9,10,E
284,0,0,17,1,0,1,2,2,2,2,0,1,1,2,0,0,1,0,0,0,1,1,0,5,4,5,1,2,5,4,10,9,11,D
285,0,1,17,1,0,1,1,1,2,2,3,0,1,2,0,0,0,1,0,0,1,1,0,4,3,3,1,2,4,2,12,10,11,D
286,0,0,18,1,0,1,2,2,0,0,2,1,1,3,0,0,1,1,0,1,1,1,0,4,3,3,1,2,2,5,18,18,19,A
287,0,0,17,1,0,1,1,1,3,4,3,1,1,3,0,0,1,1,0,1,1,1,0,4,3,3,1,1,3,6,13,12,12,C
288,0,1,18,1,0,1,2,1,3,3,3,1,1,3,0,0,0,1,1,1,1,1,0,4,2,4,1,3,2,6,15,14,14,B
289,0,1,18,1,1,0,4,4,4,4,3,1,1,2,0,0,1,1,1,1,1,1,0,5,4,3,1,1,2,9,15,13,15,B
290,0,1,18,1,0,1,4,2,4,2,1,1,1,2,0,0,1,1,1,1,1,1,1,4,3,2,1,4,5,11,12,11,11,D
291,0,0,17,1,0,1,4,3,1,3,3,1,1,3,0,0,1,1,0,1,1,1,0,4,2,2,1,2,3,0,15,15,15,B
292,0,0,18,1,1,1,2,1,3,0,3,1,1,2,1,0,0,0,0,1,1,1,1,5,4,3,1,1,5,12,12,12,13,C
293,0,0,17,0,1,1,3,1,3,2,3,1,2,4,0,0,1,1,0,1,1,0,0,3,1,2,1,1,3,6,18,18,18,A
294,0,1,18,0,1,1,3,2,3,2,3,1,2,3,0,0,1,1,1,1,1,1,0,5,4,2,1,1,4,8,14,13,14,B
295,0,1,17,1,0,1,3,3,1,2,1,1,1,1,0,0,1,1,0,1,1,1,0,4,4,3,1,3,5,4,14,12,11,D
296,0,0,19,1,0,1,4,4,1,2,3,2,2,2,0,0,1,1,1,1,1,1,0,2,3,4,2,3,2,0,10,9,0,F
297,0,0,18,1,1,1,4,3,2,2,1,2,2,2,0,0,1,1,0,1,1,1,1,4,4,5,1,2,2,10,10,8,8,F
298,0,0,18,1,0,1,4,3,2,2,3,0,1,4,0,0,1,1,0,1,1,1,0,4,3,3,1,1,3,0,14,13,14,B
299,0,1,18,1,1,1,4,4,4,4,1,1,1,1,0,0,1,1,0,1,1,1,1,1,4,2,2,2,1,5,16,15,16,B
300,0,0,18,1,1,0,4,4,1,2,1,1,1,2,0,0,1,0,0,1,1,1,1,4,2,4,1,1,4,14,12,10,11,D
301,0,1,17,1,1,1,4,4,2,4,1,0,2,1,0,0,0,1,0,1,1,1,0,4,1,1,2,2,5,0,11,11,10,E
302,0,0,17,1,0,1,4,2,2,2,3,1,2,3,0,0,1,1,0,1,1,1,0,4,3,3,1,1,3,0,15,12,14,B
303,0,0,17,1,0,1,3,2,1,1,3,0,1,4,0,0,1,1,1,0,1,1,0,5,2,2,1,2,5,0,17,17,18,A
304,0,1,19,1,0,1,3,3,2,2,1,2,1,2,1,0,1,0,1,1,1,1,1,4,4,4,1,1,3,20,15,14,13,C
305,0,0,18,1,0,1,2,4,3,0,3,2,1,2,1,0,1,1,1,1,1,1,0,4,4,3,1,1,3,8,14,12,12,C
306,0,1,20,1,0,0,3,2,3,2,0,2,1,1,0,0,0,0,1,1,1,0,0,5,5,3,1,1,5,0,17,18,18,A
307,0,1,19,1,0,1,4,4,4,3,3,2,2,1,1,0,1,1,0,1,1,1,1,4,3,4,1,1,4,38,8,9,8,F
308,0,1,19,0,0,1,3,3,2,3,3,0,1,2,1,0,0,0,1,1,1,0,1,4,5,3,1,2,5,0,15,12,12,C
309,0,0,19,1,1,1,1,1,0,2,3,2,1,2,1,1,1,0,1,0,1,1,0,4,4,3,1,3,3,18,12,10,10,E
310,0,0,19,1,1,1,1,2,3,3,1,2,1,2,1,0,0,0,1,0,1,0,1,4,2,4,2,2,3,0,9,9,0,F
311,0,0,19,1,0,1,2,1,0,2,2,2,3,2,0,0,1,0,0,1,0,1,1,3,4,1,1,1,2,20,14,12,13,C
312,0,1,19,1,0,1,1,2,2,3,0,2,1,2,1,0,0,0,0,0,1,1,0,4,5,2,2,2,4,3,13,11,11,D
313,0,0,19,1,1,1,3,2,3,2,3,2,2,2,1,0,1,1,0,0,1,1,1,4,2,2,1,2,1,22,13,10,11,D
314,0,0,19,1,0,1,1,1,0,1,1,2,1,3,2,0,0,0,0,0,1,1,1,4,1,2,1,1,3,14,15,13,13,C
315,0,0,19,0,0,1,2,3,2,2,3,2,1,3,1,0,0,0,0,1,1,1,1,4,1,2,1,1,3,40,13,11,11,D
316,0,0,18,1,0,1,2,1,3,2,0,1,2,2,0,0,1,1,1,1,1,1,0,5,3,3,1,2,1,0,8,8,0,F
317,0,0,18,1,0,1,4,3,2,2,0,1,1,3,0,0,1,1,1,1,1,1,1,4,3,4,1,1,5,9,9,10,9,F
318,0,0,17,0,0,1,3,4,0,3,0,0,1,3,0,0,1,1,1,0,1,1,0,4,3,4,2,5,5,0,11,11,10,E
319,0,0,18,1,0,1,4,4,4,2,0,1,1,2,0,0,1,1,0,1,1,1,0,4,4,4,3,3,5,2,11,11,11,D
320,0,0,17,1,0,0,4,3,3,3,0,1,1,2,0,0,1,1,0,1,1,1,1,5,2,2,1,2,5,23,13,13,13,C
321,0,0,17,1,0,1,2,2,2,2,0,1,1,2,0,0,1,0,0,1,1,0,1,4,2,2,1,1,3,12,11,9,9,F
322,0,0,17,0,1,1,2,2,3,3,0,1,1,3,0,0,1,1,1,1,1,1,0,3,3,2,2,2,3,3,11,11,11,D
323,0,0,17,1,0,1,3,1,3,3,0,0,1,3,0,0,1,0,0,0,1,1,0,3,4,3,2,3,5,1,12,14,15,B
324,0,0,17,1,1,1,0,2,0,0,1,0,2,3,0,0,0,0,0,1,1,1,0,3,3,3,2,3,2,0,16,15,15,B
325,0,1,18,1,0,1,4,4,2,2,0,1,1,3,0,0,0,0,1,1,1,1,0,4,3,3,2,2,3,3,9,12,11,D
326,0,1,17,1,0,1,3,3,2,3,3,1,1,1,0,0,0,0,1,0,1,1,0,4,3,5,3,5,5,3,14,15,16,B
327,0,1,17,0,0,1,2,2,3,2,0,1,4,1,0,0,1,0,0,1,1,1,0,4,4,5,5,5,4,8,11,10,10,E
328,0,0,17,1,0,1,4,4,4,3,0,1,1,3,0,0,1,1,1,1,1,1,0,5,4,4,1,3,4,7,10,9,9,F
329,0,0,17,1,0,1,4,4,4,4,0,1,2,3,0,0,1,1,0,0,1,1,1,4,3,3,1,2,4,4,14,14,14,B
330,0,1,18,1,1,1,2,2,2,2,0,1,1,4,0,0,1,0,1,1,1,1,0,4,5,5,2,4,5,2,9,8,8,F
331,0,0,17,0,0,1,2,4,0,2,0,0,1,3,0,0,1,0,0,1,1,1,1,4,4,3,1,1,5,7,12,14,14,B
332,0,0,18,1,0,1,3,3,3,3,1,1,1,2,0,0,0,0,1,1,1,1,0,5,3,4,1,1,4,0,7,0,0,F
333,0,0,18,1,1,1,2,2,2,2,1,2,1,2,0,0,0,0,1,0,1,1,1,4,3,3,1,1,2,0,8,8,0,F
334,0,0,18,0,0,1,2,2,0,2,0,1,2,4,0,0,0,0,1,1,1,0,0,4,4,4,1,1,4,0,10,9,0,F
335,0,0,17,1,0,1,3,4,3,2,0,1,1,3,0,0,0,0,0,1,1,1,0,4,4,5,1,3,5,16,16,15,15,B
336,0,0,19,0,0,0,3,1,3,0,1,2,1,3,1,0,0,1,0,1,1,0,0,5,4,3,1,2,5,12,14,13,13,C
337,0,0,17,1,0,1,3,2,2,2,1,1,1,2,0,0,1,1,0,1,1,1,1,4,3,2,2,3,2,0,7,8,0,F
338,0,0,18,1,1,1,3,3,3,3,1,1,1,4,0,0,1,0,0,1,1,1,0,5,3,3,1,1,1,7,16,15,17,A
339,0,0,17,0,0,0,3,2,2,2,1,1,1,2,0,0,1,1,0,1,1,1,0,4,3,3,2,3,2,4,9,10,10,E
340,0,0,19,1,0,1,2,1,3,3,1,2,1,3,1,0,0,1,1,1,1,1,1,4,3,4,1,3,3,4,11,12,11,D
341,0,1,18,1,0,1,4,4,4,3,1,0,1,2,1,0,1,0,1,1,1,1,0,4,3,3,2,2,2,0,10,10,0,F
342,0,1,18,1,1,1,3,4,3,2,1,1,1,2,0,0,0,0,1,1,1,1,1,4,3,3,1,3,5,11,16,15,15,B
343,0,0,17,1,0,0,2,2,0,0,1,0,1,2,1,0,1,0,0,1,1,1,1,3,3,1,1,2,4,0,9,8,0,F
344,0,0,18,1,0,1,2,3,0,2,0,1,1,3,0,0,1,0,0,1,1,1,0,4,3,3,1,2,3,4,11,10,10,E
345,0,0,18,1,0,1,3,2,2,3,2,1,1,3,0,0,0,0,0,1,1,1,1,5,4,3,2,3,1,7,13,13,14,B
346,0,1,18,0,0,1,4,3,4,3,0,1,1,3,0,0,0,0,0,1,1,1,1,5,3,2,1,2,4,9,16,15,16,B
347,0,1,18,1,0,1,4,3,4,2,0,1,1,3,0,0,1,1,0,1,1,1,1,5,4,5,2,3,5,0,10,10,9,F
348,0,0,17,1,0,1,4,3,1,2,3,1,1,3,0,0,1,1,1,1,1,1,1,4,4,3,1,3,4,0,13,15,15,B
349,1,1,18,0,0,1,3,2,2,2,0,1,2,1,1,0,1,0,0,0,1,1,0,2,5,5,5,5,5,10,11,13,13,C
350,1,1,19,0,0,1,1,1,2,3,1,2,3,2,3,0,0,0,0,1,1,1,0,5,4,4,3,3,2,8,8,7,8,F
351,1,1,17,1,0,1,3,3,1,2,0,1,2,2,0,0,1,1,0,1,1,1,0,4,5,4,2,3,3,2,13,13,13,C
352,1,1,18,1,1,1,1,3,0,3,0,1,1,1,1,0,0,0,0,1,0,1,1,4,3,3,2,3,3,7,8,7,8,F
353,1,1,19,0,0,1,1,1,2,2,1,2,3,1,1,0,1,0,0,1,1,1,0,4,4,4,3,3,5,4,8,8,8,F
354,1,1,17,0,0,1,4,3,3,2,1,1,2,2,0,0,1,1,1,0,1,1,1,4,5,5,1,3,2,4,13,11,11,D
355,1,0,18,1,0,1,3,3,3,3,0,0,1,2,0,0,1,0,0,1,1,0,1,5,3,4,1,1,5,0,10,9,9,F
356,1,0,17,0,0,1,4,4,4,3,2,0,2,2,0,0,1,1,1,1,1,1,0,4,3,3,1,2,5,4,12,13,13,C
357,1,0,17,1,1,0,3,2,3,2,3,1,2,2,0,0,0,0,0,1,1,0,1,1,2,3,1,2,5,2,12,12,11,D
358,1,1,18,1,1,1,1,1,2,3,1,0,2,1,0,0,0,0,0,0,1,1,1,3,3,2,1,2,3,4,10,10,10,E
359,1,0,18,1,1,1,1,1,0,3,0,0,2,3,0,0,0,0,0,1,1,1,0,5,3,2,1,1,4,0,18,16,16,B
360,1,0,18,0,1,0,1,4,0,2,0,1,3,2,0,0,0,0,0,1,1,0,1,4,3,4,1,4,5,0,13,13,13,C
361,1,1,18,0,1,1,1,1,0,2,2,1,2,2,1,0,0,0,1,0,0,0,0,4,4,3,2,3,5,2,13,12,12,C
362,1,0,18,1,0,1,3,3,3,3,2,1,2,2,0,0,1,0,0,1,1,1,1,4,3,2,1,3,3,0,11,11,10,E
363,1,0,17,1,1,1,4,4,0,0,0,1,1,2,0,0,1,1,1,1,1,1,1,2,3,4,1,1,1,0,16,15,15,B
364,1,0,17,0,0,1,1,2,2,3,0,0,2,2,0,0,0,0,0,0,1,0,0,3,2,2,1,2,3,0,12,11,12,C
365,1,1,18,0,0,1,1,3,0,2,0,1,2,2,0,0,1,1,0,1,1,0,0,3,3,4,2,4,3,4,10,10,10,E
366,1,1,18,1,1,1,4,4,4,3,2,1,2,3,0,0,0,1,0,1,1,1,1,4,2,2,2,2,5,0,13,13,13,C
367,1,0,17,0,0,1,1,1,2,3,3,1,3,1,1,0,1,1,0,1,1,1,1,5,2,1,1,2,1,0,7,6,0,F
368,1,0,18,1,0,1,2,3,0,3,0,0,2,1,0,0,1,1,0,1,1,1,1,5,2,3,1,2,4,0,11,10,10,E
369,1,0,18,0,0,1,4,4,2,4,2,0,3,2,0,0,1,1,0,0,1,1,1,3,2,2,4,2,5,10,14,12,11,D
370,1,0,19,1,1,1,3,2,3,3,1,2,2,2,2,0,0,0,1,1,1,0,1,3,2,2,1,1,3,4,7,7,9,F
371,1,1,18,0,1,1,1,2,0,3,2,0,3,1,0,0,1,1,1,1,0,1,1,4,3,3,2,3,3,3,14,12,12,C
372,1,0,17,1,0,1,2,2,2,0,1,1,1,3,0,0,0,0,1,1,1,0,1,3,4,3,1,1,3,8,13,11,11,D
373,1,0,17,0,0,1,1,2,2,2,0,1,1,1,0,0,0,0,1,1,1,1,0,3,5,5,1,3,1,14,6,5,5,F
374,1,0,18,0,1,1,4,4,2,2,3,1,2,3,0,0,0,0,0,1,1,1,0,5,4,4,1,1,1,0,19,18,19,A
375,1,0,18,0,0,1,1,1,2,2,1,1,4,3,0,0,0,0,0,1,1,1,0,4,3,2,1,2,4,2,8,8,10,E
376,1,0,20,1,0,1,4,2,1,2,0,2,2,3,2,0,1,1,0,0,1,1,1,5,4,3,1,1,3,4,15,14,15,B
377,1,0,18,0,1,1,4,4,4,3,0,1,1,2,0,0,0,1,1,1,1,1,0,5,4,3,3,4,2,4,8,9,10,E
378,1,0,18,1,0,1,3,3,2,2,1,1,1,2,0,0,0,1,0,1,1,1,1,4,1,3,1,2,1,0,15,15,15,B
379,1,0,17,0,0,1,3,1,0,2,3,1,1,2,0,0,1,1,1,0,1,1,0,4,5,4,2,3,1,17,10,10,10,E
380,1,1,18,1,0,1,4,4,4,4,1,0,1,2,0,0,0,1,1,0,1,1,0,3,2,4,1,4,2,4,15,14,14,B
381,1,1,18,0,0,1,2,1,2,2,2,1,2,1,0,0,0,0,1,0,1,1,1,4,4,3,1,3,5,5,7,6,7,F
382,1,1,17,1,0,1,2,3,2,3,1,0,2,2,0,0,0,0,1,1,1,1,0,4,4,3,1,1,3,2,11,11,10,E
383,1,1,19,0,0,1,1,1,2,3,2,1,2,1,1,0,0,0,0,1,1,0,0,4,3,2,1,3,5,0,6,5,0,F
384,1,1,18,0,0,1,4,2,2,2,1,0,2,1,1,0,0,1,0,1,1,0,0,5,4,3,4,3,3,14,6,5,5,F
385,1,0,18,0,0,1,2,2,0,2,2,1,2,3,0,0,0,1,0,1,1,0,0,5,3,3,1,3,4,2,10,9,10,E
386,1,0,18,0,0,1,4,4,4,0,3,1,3,1,0,0,1,1,1,1,1,1,1,4,4,3,2,2,5,7,6,5,6,F
387,1,0,19,0,0,1,2,3,3,2,0,1,1,3,1,0,0,0,1,0,1,1,0,5,4,2,1,2,5,0,7,5,0,F
388,1,0,18,1,1,1,3,1,4,3,0,1,1,2,0,0,1,1,0,1,1,1,0,4,3,4,1,1,1,0,7,9,8,F
389,1,0,18,1,0,1,1,1,2,2,0,1,2,2,1,0,0,0,1,1,1,0,0,1,1,1,1,1,5,0,6,5,0,F
390,1,1,20,1,1,0,2,2,3,3,0,2,1,2,2,0,1,1,0,1,1,0,0,5,5,4,4,5,4,11,9,9,9,F
391,1,1,17,1,1,1,3,1,3,3,0,1,2,1,0,0,0,0,0,0,1,1,0,2,4,5,3,4,2,3,14,16,16,B
392,1,1,21,0,0,1,1,1,2,2,0,2,1,1,3,0,0,0,0,0,1,0,0,5,5,3,3,3,3,3,10,8,7,F
393,1,1,18,0,1,1,3,2,3,2,0,1,3,1,0,0,0,0,0,0,1,1,0,4,4,1,3,4,5,0,11,12,10,E
394,1,1,19,1,1,1,1,1,2,0,0,0,1,1,0,0,0,0,0,1,1,1,0,3,2,3,3,3,5,5,8,9,9,F
